<?xml version="1.0" encoding="UTF-8"?><artifacts>
    <artifact name="QueryDoctorEP" groupId="com.example.endpoint" version="1.0.0" type="synapse/endpoint" serverRole="EnterpriseServiceBus">
        <file>src/main/synapse-config/endpoints/QueryDoctorEP.xml</file>
    </artifact>
    <artifact name="HealthcareAPI" groupId="com.example.api" version="1.0.0" type="synapse/api" serverRole="EnterpriseServiceBus">
        <file>src/main/synapse-config/api/HealthcareAPI.xml</file>
    </artifact>
    <artifact name="HealthcareAPI_swagger" groupId="com.example.metadata" version="1.0.0" type="synapse/metadata" serverRole="EnterpriseServiceBus">
        <file>src/main/resources/metadata/HealthcareAPI_swagger.yaml</file>
    </artifact>
    <artifact name="HealthcareAPI_metadata" groupId="com.example.metadata" version="1.0.0" type="synapse/metadata" serverRole="EnterpriseServiceBus">
        <file>src/main/resources/metadata/HealthcareAPI_metadata.yaml</file>
    </artifact>
    <artifact name="GrandOakEP" groupId="com.example.endpoint" version="1.0.0" type="synapse/endpoint" serverRole="EnterpriseServiceBus">
        <file>src/main/synapse-config/endpoints/GrandOakEP.xml</file>
    </artifact>
    <artifact name="ClemencyEP" groupId="com.example.endpoint" version="1.0.0" type="synapse/endpoint" serverRole="EnterpriseServiceBus">
        <file>src/main/synapse-config/endpoints/ClemencyEP.xml</file>
    </artifact>
    <artifact name="PineValleyEP" groupId="com.example.endpoint" version="1.0.0" type="synapse/endpoint" serverRole="EnterpriseServiceBus">
        <file>src/main/synapse-config/endpoints/PineValleyEP.xml</file>
    </artifact>
    <artifact name="HospitalServicesEP" groupId="com.example.endpoint" version="1.0.0" type="synapse/endpoint" serverRole="EnterpriseServiceBus">
        <file>src/main/synapse-config/endpoints/HospitalServicesEP.xml</file>
    </artifact>
    <artifact name="ChannelingFeeEP" groupId="com.example.endpoint" version="1.0.0" type="synapse/endpoint" serverRole="EnterpriseServiceBus">
        <file>src/main/synapse-config/endpoints/ChannelingFeeEP.xml</file>
    </artifact>
    <artifact name="SettlePaymentEP" groupId="com.example.endpoint" version="1.0.0" type="synapse/endpoint" serverRole="EnterpriseServiceBus">
        <file>src/main/synapse-config/endpoints/SettlePaymentEP.xml</file>
    </artifact>
    <artifact name="HospitalServiceMessageStore" groupId="com.example.message-store" version="1.0.0" type="synapse/message-store" serverRole="EnterpriseServiceBus">
        <file>src/main/synapse-config/message-stores/HospitalServiceMessageStore.xml</file>
    </artifact>
    <artifact name="HospitalServiceSequence" groupId="com.example.message-processors" version="1.0.0" type="synapse/message-processors" serverRole="EnterpriseServiceBus">
        <file>src/main/synapse-config/message-processors/HospitalServiceSequence.xml</file>
    </artifact>
    <artifact name="HospitalServiceMessageProcessor" groupId="com.example.message-processors" version="1.0.0" type="synapse/message-processors" serverRole="EnterpriseServiceBus">
        <file>src/main/synapse-config/message-processors/HospitalServiceMessageProcessor.xml</file>
    </artifact>
</artifacts>
