<?xml version="1.0" encoding="UTF-8"?>
<api context="/healthcare" name="HealthcareAPI" xmlns="http://ws.apache.org/ns/synapse">
    <resource methods="POST" uri-template="/categories/{category}/reserve">
        <inSequence>
            <log level="custom">
                <property name="Log Property message" value="&quot;Welcome to HealthcareService&quot;"/>
            </log>
            <property expression="json-eval($.hospital)" name="Hospital" scope="default" type="STRING"/>
            <switch source="get-property('Hospital')">
                <case regex="grand oak community hospital">
                    <log level="custom">
                        <property expression="fn:concat('Routing to ', get-property('Hospital'))" name="message"/>
                    </log>
                    <call>
                        <endpoint key="GrandOakEP"/>
                    </call>
                </case>
                <case regex="clemency medical center">
                    <log level="custom">
                        <property expression="fn:concat('Routing to ', get-property('Hospital'))" name="message"/>
                    </log>
                    <call>
                        <endpoint key="GrandOakEP"/>
                    </call>
                </case>
                <case regex="pine valley community hospital">
                    <log level="custom">
                        <property expression="fn:concat('Routing to ', get-property('Hospital'))" name="message"/>
                    </log>
                    <call>
                        <endpoint key="GrandOakEP"/>
                    </call>
                </case>
                <default>
                    <log level="custom">
                        <property expression="fn:concat('Invalid hospital - ', get-property('Hospital'))" name="message"/>
                    </log>
                </default>
            </switch>
            <respond/>
        </inSequence>
        <outSequence/>
        <faultSequence/>
    </resource>
    <resource methods="POST" uri-template="/categories/{category}/reservemq">
        <inSequence>
            <log level="custom">
                <property name="Log Property message" value="&quot;Welcome to HealthcareService&quot;"/>
            </log>
            <property expression="json-eval($.hospital)" name="Hospital" scope="default" type="STRING"/>
            <store description="Hospital Service" messageStore="HospitalServiceMessageStore"/>
            <respond/>
        </inSequence>
        <outSequence/>
        <faultSequence/>
    </resource>
    <resource methods="GET" uri-template="/querydoctor/{category}">
        <inSequence>
            <log level="custom">
                <property name="Log Property message" value="&quot;Welcome to HealthcareService&quot;"/>
            </log>
            <call>
                <endpoint key="QueryDoctorEP"/>
            </call>
            <respond/>
        </inSequence>
        <outSequence/>
        <faultSequence/>
    </resource>
    <resource methods="POST" uri-template="/categories/{category}/settle">
        <inSequence>
            <log level="custom">
                <property name="Log Property message" value="&quot;Welcome to HealthcareService&quot;"/>
            </log>
            <property expression="json-eval($.hospital_id)" name="uri.var.hospital" scope="default" type="STRING"/>
            <property description="Get Card Number" expression="json-eval($.patient.cardNo)" name="card_number" scope="default" type="STRING"/>
            <call>
                <endpoint key="HospitalServicesEP"/>
            </call>
            <property description="Get Appointment Number" expression="json-eval($.appointmentNumber)" name="uri.var.appointment_id" scope="default" type="STRING"/>
            <property description="Get Doctor Details" expression="json-eval($.doctor)" name="doctor_details" scope="default" type="STRING"/>
            <property description="Get Patient Details" expression="json-eval($.patient)" name="patient_details" scope="default" type="STRING"/>
            <call>
                <endpoint key="ChannelingFeeEP"/>
            </call>
            <property description="Get Actual Fee" expression="json-eval($.actualFee)" name="actual_fee" scope="default" type="STRING"/>
            <payloadFactory media-type="json">
                <format>{"appointmentNumber":$1, "doctor":$2, "patient":$3, "fee":$4, "confirmed":"false", "card_number":"$5"}</format>
                <args>
                    <arg evaluator="xml" expression="$ctx:uri.var.appointment_id"/>
                    <arg evaluator="xml" expression="$ctx:doctor_details"/>
                    <arg evaluator="xml" expression="$ctx:patient_details"/>
                    <arg evaluator="xml" expression="$ctx:actual_fee"/>
                    <arg evaluator="xml" expression="$ctx:card_number"/>
                </args>
            </payloadFactory>
            <call>
                <endpoint key="SettlePaymentEP"/>
            </call>
            <respond/>
        </inSequence>
        <outSequence/>
        <faultSequence/>
    </resource>
</api>
